item_code|item_name|item_desc|join_life|joinlife_title|joinlife_desc|item_price
200000|CAMISA POPELÍN|"""Camisa de cuello solapa y escote pico. Manga alarga acabada en puño. Bolsillo de plastron en delantero. Cierre frontal con botones."""|True|JOIN LIFE Care for fiber: 100% algodon organico.|"""Algodon cultivado utilizando fertilizantes y pesticidas naturales. Ademas, en su cultivo no se utilizan semillas modificadas geneticamente, lo que ayuda a conservar la biodiversidad de las semillas y la fertilidad del suelo."""|1995
200001|CAMISA POPELÍN|"""Camisa de cuello solapa y escote pico. Manga alarga acabada en puño. Bolsillo de plastron en delantero. Cierre frontal con botones."""|True|JOIN LIFE Care for fiber: 100% algodon organico.|"""Algodon cultivado utilizando fertilizantes y pesticidas naturales. Ademas, en su cultivo no se utilizan semillas modificadas geneticamente, lo que ayuda a conservar la biodiversidad de las semillas y la fertilidad del suelo."""|1995
200002|BLUSA HILO METALIZADO|"""Blusa semitransparente de cuello solapa y escote pico. Manga larga acabada en puño. Detalle de pliegues en delantero. Bajo acabado asimetrico.<br/><br/>Este articulo no incluye forro interior."""|False|||3995
200003|BLUSA SATINADA ALAMARES|"""Blusa de cuello subido y escote pico. Manga larga. Cierre frontal con botones Detalle de alamares. Vivos combinados a contraste."""|False|||2995
200004|BLUSA ESTAMPADA CROPPED|"""Blusa satinada de cuello solapa y manga larga acabada en puño. Cierre fontal con botones."""|False|||1995
200005|BLUSA ESTAMPADA CROPPED|"""Blusa satinada de cuello solapa y manga larga acabada en puño. Cierre fontal con botones."""|False|||1995
200006|BLUSA ESTAMPADA TERCIOPELO|"""Blusa semitransparente de cuello solapa y manga larga acabada en puño. Tejido combinado en terciopelo con aplicacion de tachas. Detalle de hilo metalizado. Cierre frontal con botones.<br/><br/>Este articulo no incluye forro interior.<br/><br/>"""|False|||2995
200007|BLUSA SATINADA ESTAMPADA|"""Blusa fluida de cuello solapa y manga larga. Cierre frontal con botones."""|False|||1299
200008|BLUSA LINO BOLSILLOS|"""Blusa de cuello redondo y escote pico. Manga larga acabada en vuelta con trabilla. Bolsillos de plastron en pecho. Cierre frontal con botones.<br/><br/>ALTURA MODELO: 177 CM"""|True|JOIN LIFE Care for fiber: 100% lino de cultivo europeo.|"""Este lino se cultiva de forma natural, sin riego artificial y no usa semillas modificadas geneticamente ni defoliantes. Su produccion se realiza en Europa siguiendo el estandar de European Flax® de European Confederation of Flax and Hemp (CELC)."""|1299
200009|BLUSA LINO BOLSILLOS|"""Blusa de cuello redondo y escote pico. Manga larga acabada en vuelta con trabilla. Bolsillos de plastron en pecho. Cierre frontal con botones.<br/><br/>ALTURA MODELO: 177 CM"""|True|JOIN LIFE Care for fiber: 100% lino de cultivo europeo.|"""Este lino se cultiva de forma natural, sin riego artificial y no usa semillas modificadas geneticamente ni defoliantes. Su produccion se realiza en Europa siguiendo el estandar de European Flax® de European Confederation of Flax and Hemp (CELC)."""|1299
200010|BLUSA LINO BOLSILLOS|"""Blusa de cuello redondo y escote pico. Manga larga acabada en vuelta con trabilla. Bolsillos de plastron en pecho. Cierre frontal con botones.<br/><br/>ALTURA MODELO: 177 CM"""|True|JOIN LIFE Care for fiber: 100% lino de cultivo europeo.|"""Este lino se cultiva de forma natural, sin riego artificial y no usa semillas modificadas geneticamente ni defoliantes. Su produccion se realiza en Europa siguiendo el estandar de European Flax® de European Confederation of Flax and Hemp (CELC)."""|1299
200011|BLUSA SATINADA BOLSILLOS|"""Blusa fluida de cuello solapa y manga corta. Bolsillos de plastron con solapa en delantero. Bajo con aberturas laterales. Cierre frontal con botones."""|False|||1599
200012|BLUSA SATINADA BOLSILLOS|"""Blusa fluida de cuello solapa y manga corta. Bolsillos de plastron con solapa en delantero. Bajo con aberturas laterales. Cierre frontal con botones."""|False|||1599
200013|BLUSA SATINADA BOLSILLOS|"""Blusa fluida de cuello solapa y manga corta. Bolsillos de plastron con solapa en delantero. Bajo con aberturas laterales. Cierre frontal con botones."""|False|||1599
200014|BLUSA SATINADA ESTAMPADA|"""Blusa fluida de cuello solapa y manga larga. Cierre frontal con botones."""|False|||1299
200015|BLUSA CROPPED NUDO|"""Blusa de escote pico. Manga larga acabada en puño elastico y volantes. Bajo acabado con nudo en delantero. Cierre frontal con botones forrados."""|False|||1299
200016|BLUSA CROPPED NUDO|"""Blusa de escote pico. Manga larga acabada en puño elastico y volantes. Bajo acabado con nudo en delantero. Cierre frontal con botones forrados."""|False|||1299
200017|CAMISA POPELÍN|"""Camisa de cuello solapa y escote pico. Manga alarga acabada en puño. Bolsillo de plastron en delantero. Cierre frontal con botones."""|True|JOIN LIFE Care for fiber: 100% algodon organico.|"""Algodon cultivado utilizando fertilizantes y pesticidas naturales. Ademas, en su cultivo no se utilizan semillas modificadas geneticamente, lo que ayuda a conservar la biodiversidad de las semillas y la fertilidad del suelo."""|1995
200018|CAMISA POPELÍN|"""Camisa de cuello solapa y escote pico. Manga alarga acabada en puño. Bolsillo de plastron en delantero. Cierre frontal con botones."""|True|JOIN LIFE Care for fiber: 100% algodon organico.|"""Algodon cultivado utilizando fertilizantes y pesticidas naturales. Ademas, en su cultivo no se utilizan semillas modificadas geneticamente, lo que ayuda a conservar la biodiversidad de las semillas y la fertilidad del suelo."""|1995
200019|BLUSA JACQUARD|"""Blusa de cuello subido con manga larga amplia. Bajo asimetrico. Cierre en delantero con alamares combinados a contraste."""|False|||2995
200020|BLUSA FLUIDA VOLANTE|"""Blusa de escote pico con volante y lazo. Manga larga acabada en elastico con volante.<br/><br/>Este articulo no incluye forro interior."""|False|||2595
200021|CAMISA POPELÍN|"""Camisa de cuello solapa y escote pico. Manga alarga acabada en puño. Bolsillo de plastron en delantero. Cierre frontal con botones."""|True|JOIN LIFE Care for fiber: 100% algodon organico.|"""Algodon cultivado utilizando fertilizantes y pesticidas naturales. Ademas, en su cultivo no se utilizan semillas modificadas geneticamente, lo que ayuda a conservar la biodiversidad de las semillas y la fertilidad del suelo."""|1995
200022|CAMISA SATINADA|"""Camisa fluida de cuello solapa y manga larga. Cierre frontal con botones."""|False|||2295
200023|BLUSA ESTAMPADA CINTURÓN|"""Blusa de cuello solapa y escote pico cruzado. Manga larga acabada en puño con abertura. Cinturon con hebilla forrada en mismo tejido. Cierre frontal cruzado con botones forrados."""|False|||3995
200024|BLUSA CROPPED ESTAMPADA|"""Blusa corto de cuello redondo. Manga por debajo del codo abullonada. Bajo con elastico interior. Cierre frontal con botones."""|False|||2995
200025|BODY POPELÍN HOMBRERAS|"""Body con cuello solapa y manga larga con hombreras. Cierre frontal con botones y en bajo con botones a presion."""|False|||2295
200026|CAMISA SATINADA|"""Camisa fluida de cuello solapa y manga larga. Cierre frontal con botones."""|False|||2295
200027|CAMISA SATINADA|"""Camisa fluida de cuello solapa y manga larga. Cierre frontal con botones."""|False|||2295
200028|CAMISA SATINADA|"""Camisa fluida de cuello solapa y manga larga. Cierre frontal con botones."""|False|||2295
200029|CAMISA SATINADA|"""Camisa fluida de cuello solapa y manga larga. Cierre frontal con botones."""|False|||2295
200030|CAMISA SATINADA|"""Camisa fluida de cuello solapa y manga larga. Cierre frontal con botones."""|False|||2295
200031|CAMISA SATINADA|"""Camisa fluida de cuello solapa y manga larga. Cierre frontal con botones."""|False|||2295
200032|BLUSA LARGA ESTAMPADO ANIMAL|"""Blusa fluida de cuello solapa y manga larga. Bajo asimetrico con aberturas laterales. Cierre frontal con botones."""|False|||1299
200033|BLUSA FLUIDA BOLSILLOS|"""Blusa de cuello solapa y manga larga. Bolsillos delanteros de plastron con solapa. Bajo con aberturas laterales. Cierre frontal con botones.<br/><br/>"""|True|JOIN LIFE Care for fiber: al menos 30% TENCEL™ Lyocell.|"""Esta fibra se obtiene de madera, principalmente eucalipto, de bosques gestionados de forma mas sostenible que garantiza su reforestacion. Se produce en un circuito cerrado, reutilizando el agua y mas del 99% de los quimicos y esta certificada por la EU Ecolabel."""|2995
200034|BLUSA LARGA BOTÓN DORADO|"""Blusa con cuello solapa y manga larga. Bolsillo delantero de plastron. Bajo asimetrico con botones metalicos laterales. Cierre frontal con botones."""|True|JOIN LIFE Care for fiber: al menos 75% TENCEL™ Lyocell.|"""Esta fibra se obtiene de madera, principalmente eucalipto, de bosques gestionados de forma mas sostenible que garantiza su reforestacion. Se produce en un circuito cerrado, reutilizando el agua y mas del 99% de los quimicos y esta certificada por la EU Ecolabel."""|2595
200035|BLUSA SATINADA NUDO|"""Blusa fluida de escote pico y manga por debajo del codo. Bajo con nudo en delantero. Cierre frontal con botones."""|False|||1299
200036|BLUSA COMBINADA BORDADOS|"""Blusa de cuello subido y manga larga. Detalle de bordados combinados a tono. Cierre en espalda con abertura y botones."""|False|||2995
200037|BLUSA NUDO|"""Blusa de escote pico y manga larga acabada con botones metalicos. Detalle de frunces en espalda y nudo en delantero. Cierre en espalda con cremallera oculta en costura."""|False|||2995
200038|BODY POPELÍN HOMBRERAS|"""Body con cuello solapa y manga larga con hombreras. Cierre frontal con botones y en bajo con botones a presion."""|False|||2295
200039|BLUSA LUNARES|"""Blusa de cuello subido con escote pico y manga larga. Cierre frontal con botones forrados.<br/><br/>Este articulo no incluye forro interior."""|False|||2595
200040|CUERPO MANGA DRAPEADA|"""Camisa de cuello subido. Manga larga drapeada. Cierre en espalda con cremallera oculta en costura."""|False|||2995
200041|BLUSA CROPPED NUDO|"""Blusa de escote pico. Manga larga acabada en puño elastico y volantes. Bajo acabado con nudo en delantero. Cierre frontal con botones forrados."""|False|||1299
200042|BLUSA ESTAMPADA LAZO|"""Blusa estampada de cuello subido con lazo y manga larga. Detalle de volantes en hombros. Cierre con botones forrados en hombro."""|False|||2595
200043|CAMISA SATINADA|"""Camisa fluida de cuello solapa y manga larga. Cierre frontal con botones."""|False|||2295
200044|BLUSA LARGA ESTAMPADO ANIMAL|"""Blusa fluida de cuello solapa y manga larga. Bajo asimetrico con aberturas laterales. Cierre frontal con botones."""|False|||1299
200045|BLUSA JACQUARD VOLANTES|"""Blusa de cuello subido y manga larga acabada en puño con boton. Detalle de volantes en pechera. Cierre frontal con botones joya."""|False|||2995
200046|CAMISA POPELÍN|"""Camisa de cuello solapa y escote pico. Manga alarga acabada en puño. Bolsillo de plastron en delantero. Cierre frontal con botones."""|True|JOIN LIFE Care for fiber: 100% algodon organico.|"""Algodon cultivado utilizando fertilizantes y pesticidas naturales. Ademas, en su cultivo no se utilizan semillas modificadas geneticamente, lo que ayuda a conservar la biodiversidad de las semillas y la fertilidad del suelo."""|1995
200047|BLUSA EFECTO METALIZADO|"""Blusa de cuello solapa y escote pico cruzado. Manga larga acabada en puño con pliegues. Cierre frontal cruzado con botones forrados y lateral interior con lazada."""|False|||2995
200048|BLUSA NUDO|"""Blusa de escote pico y manga larga acabada con botones metalicos. Detalle de frunces en espalda y nudo en delantero. Cierre en espalda con cremallera oculta en costura."""|False|||2995
200049|BLUSA ESTRUCTURA|"""Blusa de escote pico y manga por debajo del codo."""|False|||2995
200050|BLUSA PLISADA LAZO|"""Blusa de cuello redondo y manga larga acabada en volante con elasticos. Detalle de lazo delantero en mismo tejido."""|True|JOIN LIFE Care for fiber: al menos 50% poliester reciclado.|"""Esta fibra se obtiene a partir del reciclaje de plastico PET, como el de las botellas de agua. Transformando este residuo en un nuevo recurso reducimos la produccion de materia prima virgen y el consumo de agua, energia y recursos naturales."""|2595
200051|BLUSA ESTAMPADA CROPPED|"""Blusa satinada de cuello solapa y manga larga acabada en puño. Cierre fontal con botones."""|False|||1995
200052|BLUSA FLUIDA BOLSILLOS|"""Blusa de cuello solapa y manga larga. Bolsillos delanteros de plastron con solapa. Bajo con aberturas laterales. Cierre frontal con botones.<br/><br/>"""|True|JOIN LIFE Care for fiber: al menos 30% TENCEL™ Lyocell.|"""Esta fibra se obtiene de madera, principalmente eucalipto, de bosques gestionados de forma mas sostenible que garantiza su reforestacion. Se produce en un circuito cerrado, reutilizando el agua y mas del 99% de los quimicos y esta certificada por la EU Ecolabel."""|2995
200053|CAMISA POPELÍN|"""Camisa de cuello solapa y escote pico. Manga alarga acabada en puño. Bolsillo de plastron en delantero. Cierre frontal con botones."""|True|JOIN LIFE Care for fiber: 100% algodon organico.|"""Algodon cultivado utilizando fertilizantes y pesticidas naturales. Ademas, en su cultivo no se utilizan semillas modificadas geneticamente, lo que ayuda a conservar la biodiversidad de las semillas y la fertilidad del suelo."""|1995
200054|BLUSA CUADROS BORDADOS|"""Blusa de cuello redondo con volante. Escote pico y manga larga acabada con elastico y volante. Detalle de bordados combinados a contraste. Cierre frontal con botones."""|False|||2995
200055|BLUSA SATINADA HOMBRERAS|"""Blusa de cuello redondo. Manga larga con hombreras acabada en puño con botones forrados y pliegues. Cierre en espalda con abertura y boton."""|False|||2995
200056|CUERPO SATINADO CRUZADO|"""Cuerpo de escote pico cruzado y manga larga acabada con botones perla. Cierre frontal con boton oculto y lazo."""|False|||2595
200057|BLUSA JACQUARD|"""Blusa corta de cuello redondo. Manga larga amplia. Cierre en delantero con botones joya."""|False|||2995
200058|BLUSA ESTAMPADA CROPPED|"""Blusa satinada de cuello solapa y manga larga acabada en puño. Cierre fontal con botones."""|False|||1995
200059|BLUSA CROPPED ESTAMPADA|"""Blusa de cuello subido con frunces. Detalle de abertura delantera en pecho y manga larga. Bajo acabado con elastico en espalda tipo nido de abeja. Cierre trasero con abertura y botones."""|False|||2595
100000|VESTIDO ESTAMPADO|"""Vestido corto de cuello solapa y manga por debajo del codo. Cierre frontal con botones."""|True|JOIN LIFE Care for fiber: al menos 50% ECOVERO™ Viscose.|"""Esta viscosa se obtiene a partir de madera de bosques gestionados de forma mas sostenible donde los arboles se cultivan de forma controlada y con programas que garantizan su reforestacion. Ademas, esta certificada por la EU Ecolabel por cumplir exigentes estandares medioambientales en su proceso productivo."""|1599
100001|VESTIDO COMBINADO ENCAJE|"""Vestido corto de escote pico combinado con encaje a tono. Manga larga acabada en elastico. Cierre frontal con botones.<br/>"""|False|||1599
100002|VESTIDO LARGO ESTAMPADO|"""Vestido de escote pico con botones forrados a tono. Manga larga acabada en puño elastico tipo nido de abeja. Cintura elastica. Forro interior. Bajo asimetrico."""|True|JOIN LIFE Care for fiber: al menos 50% poliester reciclado.|"""Esta fibra se obtiene a partir del reciclaje de plastico PET, como el de las botellas de agua. Transformando este residuo en un nuevo recurso reducimos la produccion de materia prima virgen y el consumo de agua, energia y recursos naturales."""|1599
100003|VESTIDO MIDI ESTAMPADO|"""Vestido de escote pico cruzado y manga larga acabada en puño elastico. Detalle de botones forrados en delantero. Bajo con abertura frontal."""|False|||1999
100004|VESTIDO MIDI ENCAJE|"""Vestido midi de escote pico y manga corta. Acabados en encaje combinado a tono. Cierre delantero con botones."""|False|||1999
100005|VESTIDO FELPA|"""Vestido amplio de cuello redondo y manga larga. Bolsillos laterales. Acabados en rib."""|True|JOIN LIFE Care for fiber: al menos 95% algodon organico.|"""Algodon cultivado utilizando fertilizantes y pesticidas naturales. Ademas, en su cultivo no se utilizan semillas modificadas geneticamente, lo que ayuda a conservar la biodiversidad de las semillas y la fertilidad del suelo."""|999
100006|VESTIDO MIDI CINTURÓN|"""Vestido con escote pico cruzado y manga larga con hombros marcados. Bajo acabado en evase con abertura frontal. Detalle de cinturon a tono. Cierre lateral con cremallera oculta en costura."""|False|||1599
100007|VESTIDO ESTAMPADO ALAMARES|"""Vestido corto de cuello subido y manga corta. Cierre con alamares en delantero."""|False|||1999
100008|VESTIDO MINI PUNTO|"""Vestido con cuello subido y manga larga. Bajo acabado en evase."""|False|||1299
100009|VESTIDO ESTAMPADO FLORES|"""Vestido largo de cuello solapa. Manga por debajo del codo acabada en elastico. Cintura ajustable con cordones. Bajo acabado en volantes. Cierre tipo polo con botones."""|False|||1999
100010|VESTIDO FELPA|"""Vestido amplio de cuello redondo y manga larga. Bolsillos laterales. Acabados en rib."""|True|JOIN LIFE Care for fiber: al menos 95% algodon organico.|"""Algodon cultivado utilizando fertilizantes y pesticidas naturales. Ademas, en su cultivo no se utilizan semillas modificadas geneticamente, lo que ayuda a conservar la biodiversidad de las semillas y la fertilidad del suelo."""|999
100011|VESTIDO MIDI SATINADO|"""Vestido midi de escote recto y tirantes finos."""|False|||1599
100012|VESTIDO FELPA|"""Vestido amplio de cuello redondo y manga larga. Bolsillos laterales. Acabados en rib."""|True|JOIN LIFE Care for fiber: al menos 95% algodon organico.|"""Algodon cultivado utilizando fertilizantes y pesticidas naturales. Ademas, en su cultivo no se utilizan semillas modificadas geneticamente, lo que ayuda a conservar la biodiversidad de las semillas y la fertilidad del suelo."""|999
100013|VESTIDO PUNTO PERLADO|"""Vestido largo de cuello subido y manga sisa."""|False|||1299
100014|VESTIDO SATINADO CINTURA ELÁSTICA|"""Vestido midi con escote pico y manga larga. Cintura elastica. Bolsillos laterales ocultos en costura. Bajo acabado en evase."""|False|||1599
100015|VESTIDO ESTAMPADO LAZADA|"""Vestido corto de cuello solapa y manga por debajo del codo. Bolsillos laterales ocultos en costura. Detalle de cinturon lazada combinado a tono. Cierre frontal con botones."""|False|||1599
100016|VESTIDO FELPA|"""Vestido amplio de cuello redondo y manga larga. Bolsillos laterales. Acabados en rib."""|True|JOIN LIFE Care for fiber: al menos 95% algodon organico.|"""Algodon cultivado utilizando fertilizantes y pesticidas naturales. Ademas, en su cultivo no se utilizan semillas modificadas geneticamente, lo que ayuda a conservar la biodiversidad de las semillas y la fertilidad del suelo."""|999
100017|VESTIDO JACQUARD|"""Vestido midi de escote recto y tirantes finos."""|False|||1599
100018|VESTIDO ESTAMPADO VOLUMEN|"""Vestido corto de cuello redondo y escote pico con lazada. Manga por debajo del codo acabada en elastico. Forro interior."""|False|||1999
100019|VESTIDO FLUIDO HOMBRERAS|"""Vestido corto de cuello redondo. Manga sisa con hombrera y pliegues. Cierre en espalda con abertura y boton."""|False|||1299
100020|VESTIDO FELPA|"""Vestido amplio de cuello redondo y manga larga. Bolsillos laterales. Acabados en rib."""|True|JOIN LIFE Care for fiber: al menos 95% algodon organico.|"""Algodon cultivado utilizando fertilizantes y pesticidas naturales. Ademas, en su cultivo no se utilizan semillas modificadas geneticamente, lo que ayuda a conservar la biodiversidad de las semillas y la fertilidad del suelo."""|999
100021|VESTIDO MINI ABERTURA|"""Vestido corto de escote recto y tirantes finos cruzados en espalda. Bajo con abertura lateral. Cierre en espalda con cremallera oculta en costura."""|False|||1299
100022|VESTIDO VOLUMEN|"""Vestido midi de escote pico y manga sisa. Bolsillos laterales ocultos en costura. Detalle de pinzas."""|True|JOIN LIFE Care for fiber: al menos 50% algodon organico.|"""Algodon cultivado utilizando fertilizantes y pesticidas naturales. Ademas, en su cultivo no se utilizan semillas modificadas geneticamente, lo que ayuda a conservar la biodiversidad de las semillas y la fertilidad del suelo."""|1599
100023|VESTIDO FELPA|"""Vestido amplio de cuello redondo y manga larga. Bolsillos laterales. Acabados en rib."""|True|JOIN LIFE Care for fiber: al menos 95% algodon organico.|"""Algodon cultivado utilizando fertilizantes y pesticidas naturales. Ademas, en su cultivo no se utilizan semillas modificadas geneticamente, lo que ayuda a conservar la biodiversidad de las semillas y la fertilidad del suelo."""|999
100024|VESTIDO HOMBRERAS|"""Vestido corto de cuello redondo. Manga sisa con hombreras."""|True|JOIN LIFE Care for fiber: 100% algodon organico.|"""Algodon cultivado utilizando fertilizantes y pesticidas naturales. Ademas, en su cultivo no se utilizan semillas modificadas geneticamente, lo que ayuda a conservar la biodiversidad de las semillas y la fertilidad del suelo."""|799
100025|VESTIDO FLUIDO|"""Vestido fluido de cuello escote redondo y espalda tipo nadador."""|True|JOIN LIFE Care for fiber: al menos 30% TENCEL™ Lyocell.|"""Esta fibra se obtiene de madera, principalmente eucalipto, de bosques gestionados de forma mas sostenible que garantiza su reforestacion. Se produce en un circuito cerrado, reutilizando el agua y mas del 99% de los quimicos y esta certificada por la EU Ecolabel."""|1299
100026|VESTIDO DRAPEADO|"""Vestido de escote pico y manga corta. Detalle tejido drapeado en delantero."""|False|||799
100027|VESTIDO ESTAMPADO ANIMAL|"""Vestido midi de cuello solapa. Manga larga abullonada en hombro acabada en puño. Cinturon con hebilla forrada en mismo tejido. Cierre frontal tipo polo con botones forrados."""|False|||1999
100028|VESTIDO LENCERO FRUNCE|"""Vestido midi de escote pico y tirantes finos ajustables. Detalle de frunce con cordones en delantero."""|False|||1599
100029|VESTIDO MINI ESTAMPADO|"""Vestido con escote pico y manga larga. Detalle aplicacion volantes combinados a tono. Forro interior. Cierre frontal con botones forrados a tono."""|False|||2995
100030|VESTIDO HILO METALIZADO|"""Vestido corto de cuello solapa y manga larga acabada en puño. Bajo acabado en volantes. Detalle de hilo metalizado. Cierre frontal con botones."""|False|||1999
100031|VESTIDO ESTAMPADO ANIMAL|"""Vestido corto de cuello subido con lazada. Manga larga abullonada acabada en puño.Cintura elastica. Forro interior. Cinturon con hebilla forrada en mismo tejido. Cierre en espalda con abertura y botones."""|True|JOIN LIFE Care for fiber: al menos 25% poliester reciclado.|"""Esta fibra se obtiene a partir del reciclaje de plastico PET, como el de las botellas de agua. Transformando este residuo en un nuevo recurso reducimos la produccion de materia prima virgen y el consumo de agua, energia y recursos naturales."""|1999
100032|VESTIDO CAMISERO|"""Vestido corto de cuello solapa. Manga larga acabada en puño con pliegues. Detalle de pinzas. Forro interior en bajo. Cierre frontal con botones."""|False|||1599
100033|VESTIDO MINI LUNARES|"""Vestido con cuello redondo y manga por debajo del codo acabada en elastico. Bajo acabado con frunces. Cierre en espalda con cremallera oculta en costura."""|False|||1599
100034|VESTIDO JACQUARD CINTURÓN|"""Vestido corto de escote pico cruzado con boton a presion. Manga larga acabada en puño. Bolsillos laterales. Cinturon con hebilla forrada en mismo tejido. Detalle de botones joya en delantero. Cierre lateral con cremallera oculta en costura."""|False|||1999
100035|VESTIDO LENCERO FRUNCES|"""Vestido satinado de escote pico y tirantes finos. Detalle de frunce ajustable con cordones en pecho."""|False|||1599
100036|VESTIDO HOMBRERAS JACQUARD|"""Vestido corto de cuello redondo. Manga sisa con hombreras."""|False|||799
100037|VESTIDO FLUIDO|"""Vestido corto de escote pico y tirantes. Forro interior."""|True|JOIN LIFE Care for fiber: al menos 25% poliester reciclado.|"""Esta fibra se obtiene a partir del reciclaje de plastico PET, como el de las botellas de agua. Transformando este residuo en un nuevo recurso reducimos la produccion de materia prima virgen y el consumo de agua, energia y recursos naturales."""|1299
100038|VESTIDO DRAPEADO ESTAMPADO|"""Vestido mini con cuello redondo y manga larga. Cierre en espalda con cremallera oculta en costura."""|False|||1599
100039|VESTIDO LARGO ESTAMPADO ANIMAL|"""Vestido de cuello redondo con lazo, escote pico y manga larga acabada en elastico. Cintura elastica. Forro interior. Detalle de acabados con volantes. Cinturon combinado a contraste."""|False|||1599
100040|VESTIDO ESTAMPADO|"""Vestido de cuello solapa. Manga por debajo del codo acabada en puño. Bolsillos de plastron con solapa en delantero. Cinturon lazada en mismo tejido. Cierre frontal con botones."""|True|JOIN LIFE Care for fiber: 100% ECOVERO™ Viscose.|"""Esta viscosa se obtiene a partir de madera de bosques gestionados de forma mas sostenible donde los arboles se cultivan de forma controlada y con programas que garantizan su reforestacion. Ademas, esta certificada por la EU Ecolabel por cumplir exigentes estandares medioambientales en su proceso productivo."""|1999
100041|VESTIDO ESTRUCTURA|"""Vestido corto de cuello redondo y manga por debajo del codo. Detalle de pliegues. Bajo acabado en volante. Cierre en espalda con abertura y boton."""|False|||1599
100042|VESTIDO BOTONES|"""Vestido fluido con escote pico y manga corta amplia. Detalle de cintura elastica. Linea evase. Cierre frontal con botones.<br/><br/>ALTURA MODELO: 177 CM"""|False|||1599
100043|VESTIDO MINI PLUMETI|"""Vestido con escote pico y manga corta amplia. Cintura elastica. Detalle de nudo en delantero. Forro interior. Bajo acabado con volantes."""|False|||1599
100044|VESTIDO MIDI ESTAMPADO|"""Vestido con cuello redondo y manga corta acabada en elastico. Bajo acabado en evase. Cierre lateral con cremallera oculta en costura y en espalda con abertura y boton."""|True|JOIN LIFE Care for fiber: al menos 50% viscosa Join Life.|"""Esta fibra se obtiene de madera de bosques gestionados de forma mas sostenible donde los arboles se cultivan de forma controlada con programas que garantizan su reforestacion. Se produce en instalaciones que cumplen con EU BAT (Best Available Techniques), exigentes estandares medioambientales definidos por la Union Europea que reducen las emisiones y la generacion de residuos."""|1999
100045|VESTIDO FLUIDO DRAPEADO|"""Vestido corto de cuello redondo. Manga sisa con detalle de pliegues. Forro interior. Cierre en espalda con cremallera oculta en costura."""|True|JOIN LIFE Care for fiber: al menos 25% poliester reciclado.|"""Esta fibra se obtiene a partir del reciclaje de plastico PET, como el de las botellas de agua. Transformando este residuo en un nuevo recurso reducimos la produccion de materia prima virgen y el consumo de agua, energia y recursos naturales."""|1299
100046|VESTIDO MINI ESTAMPADO|"""Vestido de escote pico y manga larga con hombros marcados. Detalle de frunces delanteros. Cierre lateral con cremallera oculta en costura."""|False|||1599
100047|VESTIDO HOMBRERAS JACQUARD|"""Vestido corto de cuello redondo. Manga sisa con hombreras."""|False|||799
100048|VESTIDO HALTER|"""Vestido midi de cuello halter. Detalle de pliegues."""|True|JOIN LIFE Care for fiber: al menos 50% algodon organico.|"""Algodon cultivado utilizando fertilizantes y pesticidas naturales. Ademas, en su cultivo no se utilizan semillas modificadas geneticamente, lo que ayuda a conservar la biodiversidad de las semillas y la fertilidad del suelo."""|999
100049|VESTIDO MIDI ESTAMPADO FLORAL|"""Vestido con escote pico y manga larga. Detalle de lazo delantero y falsos botones forrados a tono. Bajo con abertura frontal. Cierre lateral con cremallera oculta en costura."""|False|||1999
100050|VESTIDO HOMBRERAS|"""Vestido corto fluido de cuello redondo y manga sisa con hombreras. Cierre en espalda con abertura y boton."""|False|||1299
100051|VESTIDO AJUSTADO|"""Vestido ajustado corto de escote pico y tirantes. Detalle de costuras marcadas. Cierre en espalda con cremallera oculta en costura."""|False|||1995
100052|VESTIDO ESTAMPADO|"""Vestido satinado de escote pico y tirantes. Bolsillos laterales ocultos en costura."""|False|||1599
100053|VESTIDO RIB|"""Vestido midi de cuello subido y manga corta. Bajo con abertura en delantero."""|True|JOIN LIFE Care for fiber: al menos 95% algodon organico.|"""Algodon cultivado utilizando fertilizantes y pesticidas naturales. Ademas, en su cultivo no se utilizan semillas modificadas geneticamente, lo que ayuda a conservar la biodiversidad de las semillas y la fertilidad del suelo."""|799
100054|VESTIDO CAMISERO ESTAMPADO|"""Vestido de cuello solapa y manga larga acabada en puño con botones. Cierre en delantero con botones."""|True|JOIN LIFE Care for fiber: al menos 50% viscosa Join Life.|"""Esta fibra se obtiene de madera de bosques gestionados de forma mas sostenible donde los arboles se cultivan de forma controlada con programas que garantizan su reforestacion. Se produce en instalaciones que cumplen con EU BAT (Best Available Techniques), exigentes estandares medioambientales definidos por la Union Europea que reducen las emisiones y la generacion de residuos."""|1599
100055|VESTIDO TERCIOPELO|"""Vestido corto de escote pico y manga larga. Cintura elastica."""|False|||1599
100056|VESTIDO HOMBRERAS|"""Vestido corto de cuello redondo. Manga sisa con hombreras."""|True|JOIN LIFE Care for fiber: 100% algodon organico.|"""Algodon cultivado utilizando fertilizantes y pesticidas naturales. Ademas, en su cultivo no se utilizan semillas modificadas geneticamente, lo que ayuda a conservar la biodiversidad de las semillas y la fertilidad del suelo."""|799
100057|VESTIDO RIB|"""Vestido midi de cuello subido y manga corta. Bajo con abertura en delantero."""|True|JOIN LIFE Care for fiber: al menos 95% algodon organico.|"""Algodon cultivado utilizando fertilizantes y pesticidas naturales. Ademas, en su cultivo no se utilizan semillas modificadas geneticamente, lo que ayuda a conservar la biodiversidad de las semillas y la fertilidad del suelo."""|799
300000|FALDA MINI RAYA DIPLMATICA|"""Falda mini de tiro alto. Bajo asimetrico. Cierre lateral con cremallera oculta por solapa."""|True|JOIN LIFE Care for fiber: al menos 25% poliester reciclado.|"""Esta fibra se obtiene a partir del reciclaje de plastico PET, como el de las botellas de agua. Transformando este residuo en un nuevo recurso reducimos la produccion de materia prima virgen y el consumo de agua, energia y recursos naturales."""|1995
300001|FALDA MINI RAYA DIPLMATICA|"""Falda mini de tiro alto. Bajo asimetrico. Cierre lateral con cremallera oculta por solapa."""|True|JOIN LIFE Care for fiber: al menos 25% poliester reciclado.|"""Esta fibra se obtiene a partir del reciclaje de plastico PET, como el de las botellas de agua. Transformando este residuo en un nuevo recurso reducimos la produccion de materia prima virgen y el consumo de agua, energia y recursos naturales."""|1995
300002|FALDA MINI RAYA DIPLMATICA|"""Falda mini de tiro alto. Bajo asimetrico. Cierre lateral con cremallera oculta por solapa."""|True|JOIN LIFE Care for fiber: al menos 25% poliester reciclado.|"""Esta fibra se obtiene a partir del reciclaje de plastico PET, como el de las botellas de agua. Transformando este residuo en un nuevo recurso reducimos la produccion de materia prima virgen y el consumo de agua, energia y recursos naturales."""|1995
300003|FALDA PANTALÓN MINI|"""Falda pantalon de tiro alto. Bajo acabado en evase. Cierre frontal con botones."""|False|||2295
300004|FALDA MINI VOLANTE|"""Falda mini de tiro alto. Bajo acabado en volantes. Cierre en espalda con cremallera oculta en costura."""|False|||2995
300005|BERMUDA PAPERBAG EFECTO PIEL|"""Bermuda de tiro alto con elastico en espalda. Bolsillos delanteros. Cierre frontal con cremallera, boton interior y gancho metalico. Cinturon del mismo tejido."""|False|||1995
300006|FALDA EFECTO PIEL PAPERBAG|"""Falda mini con cintura elastica y cinturon combinado a tono. Bolsillos delanteros de plastron con solapa y boton."""|False|||2295
300007|BERMUDA PAPERBAG EFECTO PIEL|"""Bermuda de tiro alto con elastico en espalda. Bolsillos delanteros. Cierre frontal con cremallera, boton interior y gancho metalico. Cinturon del mismo tejido."""|False|||1995
300008|BRAGUITA PUNTO JACQUARD|"""Braguita de tiro muy alto con cintura elastica. Acabados en rib combinados a contraste."""|False|||1795
300009|SHORTS PUNTO TACTO SUAVE|"""Shorts de punto de tiro alto."""|True|JOIN LIFE Care for fiber: al menos 25% poliester reciclado.|"""Esta fibra se obtiene a partir del reciclaje de plastico PET, como el de las botellas de agua. Transformando este residuo en un nuevo recurso reducimos la produccion de materia prima virgen y el consumo de agua, energia y recursos naturales."""|1795
300010|SHORTS FELPA|"""Shorts de tiro alto con cintura elastica."""|False|||1595
300011|SHORTS OCHOS|"""Shorts de tiro alto con cintura elastica y cordones ajustables. Detalle de tejido tacto suave."""|False|||1995
300012|BERMUDA BOTONES|"""Bermuda de tiro alto. Bolsillos en delantero. Aplicacion botones metalicos. Cierre lateral con cremallera oculta en costura."""|False|||2995
300013|BERMUDA ESTRUCTURA|"""Bermuda de tiro alto. Bolsillos delanteros. Detalle de botones metalicos. Cierre lateral con cremallera oculta en costura."""|False|||2995
300014|BERMUDA BOTONES|"""Bermuda de tiro alto. Bolsillos en delantero. Detalle de falsos botones metalicos en delantero. Cierre con cremallera lateral oculta en costura."""|False|||2595
300015|FALDA FELPA|"""Falda midi. Tiro alto con cintura elastica ajustable con cordones."""|True|JOIN LIFE Care for fiber: al menos 50% algodon organico.|"""Algodon cultivado utilizando fertilizantes y pesticidas naturales. Ademas, en su cultivo no se utilizan semillas modificadas geneticamente, lo que ayuda a conservar la biodiversidad de las semillas y la fertilidad del suelo."""|1295
300016|FALDA FELPA|"""Falda midi. Tiro alto con cintura elastica ajustable con cordones."""|True|JOIN LIFE Care for fiber: al menos 50% algodon organico.|"""Algodon cultivado utilizando fertilizantes y pesticidas naturales. Ademas, en su cultivo no se utilizan semillas modificadas geneticamente, lo que ayuda a conservar la biodiversidad de las semillas y la fertilidad del suelo."""|1295
300017|FALDA FELPA|"""Falda midi. Tiro alto con cintura elastica ajustable con cordones."""|True|JOIN LIFE Care for fiber: al menos 50% algodon organico.|"""Algodon cultivado utilizando fertilizantes y pesticidas naturales. Ademas, en su cultivo no se utilizan semillas modificadas geneticamente, lo que ayuda a conservar la biodiversidad de las semillas y la fertilidad del suelo."""|1295
300018|FALDA MINI EFECTO PIEL|"""Falda mini de tiro alto. Bolsillos delanteros. Detalle de costuras marcadas. Cierre delantero con cremallera oculta por solapa."""|False|||999
300019|FALDA MINI EFECTO PIEL|"""Falda mini de tiro alto. Bolsillos delanteros. Detalle de costuras marcadas. Cierre delantero con cremallera oculta por solapa."""|False|||999
300020|FALDA MINI EFECTO PIEL|"""Falda mini de tiro alto. Bolsillos delanteros. Detalle de costuras marcadas. Cierre delantero con cremallera oculta por solapa."""|False|||999
300021|SHORTS CUADROS|"""Shorts de tiro alto. Bolsillos laterales. Cierre frontal con cremallera y ganchos metalicos."""|True|JOIN LIFE Care for fiber: al menos 25% poliester reciclado.|"""Esta fibra se obtiene a partir del reciclaje de plastico PET, como el de las botellas de agua. Transformando este residuo en un nuevo recurso reducimos la produccion de materia prima virgen y el consumo de agua, energia y recursos naturales."""|999
300022|BERMUDA RECTA|"""Bermuda de tiro alto. Bolsillos laterales y falsos bolsillos de vivo en espalda. Cierre frontal con cremallera y gancho metalico."""|True|JOIN LIFE Care for fiber: al menos 25% poliester reciclado.|"""Esta fibra se obtiene a partir del reciclaje de plastico PET, como el de las botellas de agua. Transformando este residuo en un nuevo recurso reducimos la produccion de materia prima virgen y el consumo de agua, energia y recursos naturales."""|999
300023|FALDA ESTAMPADA NUDO|"""Falda de tiro alto. Detalle de nudo en delantero. Bajo con abertura frontal. Cierre en espalda con cremallera oculta en costura."""|False|||1599
300024|FALDA PLISADA ESTAMPADA|"""Falda midi de tiro alto con cintura elastica. Bajo acabado deshilachado."""|False|||1599
300025|FALDA PLISADA ESTAMPADA|"""Falda midi de tiro alto con cintura elastica. Bajo acabado deshilachado."""|False|||1599
300026|BERMUDA ESTRUCTURA|"""Bermuda de tiro alto. Bolsillos delanteros. Detalle de botones metalicos. Cierre lateral con cremallera oculta en costura."""|False|||2995
300027|BERMUDA ESTRUCTURA|"""Bermuda de tiro alto. Bolsillos delanteros. Detalle de botones metalicos. Cierre lateral con cremallera oculta en costura."""|False|||2995
300028|BERMUDA CUADROS|"""Bermuda de tiro alto. Detalles de pinzas y aberturas laterales. CIerre lateral con cremallera oculta en costura."""|True|JOIN LIFE Care for fiber: al menos 25% poliester reciclado.|"""Esta fibra se obtiene a partir del reciclaje de plastico PET, como el de las botellas de agua. Transformando este residuo en un nuevo recurso reducimos la produccion de materia prima virgen y el consumo de agua, energia y recursos naturales."""|2295
300029|FALDA MINI TERCIOPELO|"""Falda corta de tiro alto. Detalle tejido drapeado en delantero. Cierre en espalda con cremallera oculta en costura."""|False|||2995
300030|FALDA MINI JACQUARD|"""Falda mini de tiro alto. Bajo con abertura en lateral. Detalle de alamares en delantero. Cierre en espalda con cremallera oculta en costura."""|False|||2595
300031|FALDA BERMUDA EFECTO PIEL CINTURÓN|"""Falda bermuda tiro medio. Bajo acabado con abertura lateral. Detalle de cinturon con cadenas. Cierre lateral oculto con cremallera."""|False|||2595
300032|SHORTS SATINADO|"""Shorts de tiro alto. Bolsillos laterales y falsos bolsillos de vivo en espalda. Detalle de pinzas. Cierre frontal con cremallera, boton interior y gancho metalico."""|False|||2295
300033|SHORTS EFECTO PIEL|"""Shorts de tiro alto. Bolsillos laterales y falsos bolsillos de vivo en espalda. Detalle de pinzas. Cierre frontal con cremallera y gancho metalico."""|False|||1995
300034|SHORTS SATINADO|"""Shorts de tiro alto. Bolsillos laterales y falsos bolsillos de vivo en espalda. Detalle de pinzas. Cierre frontal con cremallera, boton interior y gancho metalico."""|False|||2295
300035|FALDA PANTALÓN|"""Falda pantalon de tiro alto. Bolsillos laterales y falsos bolsillos de vivo en espalda. Cierre frontal con cremallera y gancho metalico."""|True|JOIN LIFE Care for fiber: al menos 25% poliester reciclado.|"""Esta fibra se obtiene a partir del reciclaje de plastico PET, como el de las botellas de agua. Transformando este residuo en un nuevo recurso reducimos la produccion de materia prima virgen y el consumo de agua, energia y recursos naturales."""|1995
300036|FALDA BERMUDA ESTAMPADA|"""Falda bermuda de tiro alto. Detalle de lazo combinado a tono. Bajo acabado con volantes. Cierre con cremallera lateral oculta en costura."""|True|JOIN LIFE Care for fiber: al menos 50% viscosa Join Life.|"""Esta fibra se obtiene de madera de bosques gestionados de forma mas sostenible donde los arboles se cultivan de forma controlada con programas que garantizan su reforestacion. Se produce en instalaciones que cumplen con EU BAT (Best Available Techniques), exigentes estandares medioambientales definidos por la Union Europea que reducen las emisiones y la generacion de residuos."""|799
300037|FALDA BERMUDA ESTAMPADA|"""Falda bermuda de tiro alto. Detalle de lazo combinado a tono. Bajo acabado con volantes. Cierre con cremallera lateral oculta en costura."""|True|JOIN LIFE Care for fiber: al menos 50% viscosa Join Life.|"""Esta fibra se obtiene de madera de bosques gestionados de forma mas sostenible donde los arboles se cultivan de forma controlada con programas que garantizan su reforestacion. Se produce en instalaciones que cumplen con EU BAT (Best Available Techniques), exigentes estandares medioambientales definidos por la Union Europea que reducen las emisiones y la generacion de residuos."""|799
300038|FALDA BERMUDA ESTAMPADA|"""Falda bermuda de tiro alto. Detalle de lazo combinado a tono. Bajo acabado con volantes. Cierre con cremallera lateral oculta en costura."""|True|JOIN LIFE Care for fiber: al menos 50% viscosa Join Life.|"""Esta fibra se obtiene de madera de bosques gestionados de forma mas sostenible donde los arboles se cultivan de forma controlada con programas que garantizan su reforestacion. Se produce en instalaciones que cumplen con EU BAT (Best Available Techniques), exigentes estandares medioambientales definidos por la Union Europea que reducen las emisiones y la generacion de residuos."""|799
300039|FALDA BERMUDA ESTAMPADA|"""Falda bermuda de tiro alto. Detalle de lazo combinado a tono. Bajo acabado con volantes. Cierre con cremallera lateral oculta en costura."""|True|JOIN LIFE Care for fiber: al menos 50% viscosa Join Life.|"""Esta fibra se obtiene de madera de bosques gestionados de forma mas sostenible donde los arboles se cultivan de forma controlada con programas que garantizan su reforestacion. Se produce en instalaciones que cumplen con EU BAT (Best Available Techniques), exigentes estandares medioambientales definidos por la Union Europea que reducen las emisiones y la generacion de residuos."""|799
300040|FALDA BERMUDA ESTAMPADA|"""Falda bermuda de tiro alto. Detalle de lazo combinado a tono. Bajo acabado con volantes. Cierre con cremallera lateral oculta en costura."""|True|JOIN LIFE Care for fiber: al menos 50% viscosa Join Life.|"""Esta fibra se obtiene de madera de bosques gestionados de forma mas sostenible donde los arboles se cultivan de forma controlada con programas que garantizan su reforestacion. Se produce en instalaciones que cumplen con EU BAT (Best Available Techniques), exigentes estandares medioambientales definidos por la Union Europea que reducen las emisiones y la generacion de residuos."""|799
300041|BERMUDA EFECTO PIEL|"""Bermuda de tiro alto. Bolsillos laterales y falsos bolsillos de vivo en espalda. Detalle de pinzas. Cinturon lazada en mismo tejido.<br/>Cierre frontal con cremallera y gancho metalico."""|False|||1995
300042|BERMUDA EFECTO PIEL|"""Bermuda de tiro alto. Bolsillos laterales y falsos bolsillos de vivo en espalda. Cinturon lazada en mismo material. Cierre frontal con cremallera y ganchos metalicos."""|False|||2295
300043|BERMUDA EFECTO PIEL|"""Bermuda de tiro alto. Bolsillos laterales y falsos bolsillos de vivo en espalda. Detalle de pinzas. Cinturon lazada en mismo tejido.<br/>Cierre frontal con cremallera y gancho metalico."""|False|||1995
300044|FALDA MINI EFECTO PIEL|"""Falda mini de tiro alto. Detalle de costuras marcadas. Cierre en espalda con cremallera."""|False|||1995
300045|FALDA MINI ABERTURA|"""Falda mini de tiro alto. Bajo con abertura lateral. Cierre con cremallera lateral oculta en costura."""|False|||2595
300046|FALDA MINI DRAPEADA|"""Falda mini de tiro alto. Detalle de tejido drapeado en cintura. Cierre en espalda con cremallera oculta en costura."""|False|||2995
300047|FALDA MINI VOLANTE|"""Falda mini de tiro alto. Bajo acabado en volantes. Cierre en espalda con cremallera oculta en costura."""|False|||2995
300048|FALDA TERCIOPELO|"""Falda midi de linea evase. Cierre en espalda con cremallera oculta en costura."""|False|||3995
300049|FALDA MINI TERCIOPELO FLECOS|"""Falda mini de tiro alto. Detalle de frunce y lazada en delantero. Bajo acabado en flecos combinados a tono. Cierre en espalda con cremallera oculta en costura."""|False|||2995
300050|FALDA MIDI ESTAMPADA|"""Falda midi de tiro alto. Cierre lateral con cremallera oculta en costura."""|False|||3995
300051|FALDA TACTO SUAVE|"""Falda midi de tiro alto con cintura elastica. Bajo acabado con abertura en espalda."""|False|||1595
300052|FALDA MINI ESTAMPADA|"""Falda mini de tiro alto. Detalle de alamares en delantero. Bajo con abertura lateral. Cierre lateral con cremallera oculta en costura."""|False|||2595
300053|FALDA TUBO COSTURAS|"""Falda de tiro alto. Detalle de costuras marcadas. Bajo con abertura lateral. Cierre con cremallera oculta en costura."""|False|||3995
300054|FALDA PLISADA CUADROS|"""Falda midi de linea evase. Cierre lateral con cremallera oculta en costura.<br/><br/>"""|False|||3995
300055|FALDA MINI EFECTO PIEL|"""Falda mini de tiro alto. Detalle de costuras marcadas. Cierre en espalda con cremallera."""|False|||1995
300056|FALDA MINI EFECTO PIEL|"""Falda mini de tiro alto. Detalle de costuras marcadas. Cierre en espalda con cremallera."""|False|||1995
300057|FALDA MINI  BOLSILLOS|"""Falda mini de tiro alto. Bolsillos de plastron con solapa. Cierre frontal con cremallera y boton."""|False|||2295
300058|BERMUDA EFECTO PIEL|"""Bermuda de tiro alto con cintura elastica. Bolsillos laterales y falso bolsillo de vivo en espalda."""|False|||2295
300059|FALDA MINI COMBINADA|"""Falda corta de tiro alto. Detalle de falsos botones joya en delantero. Bajo acabado en abertura frontal. Cierre en espalda con cremallera oculta en espalda."""|False|||2995
400000|CUERPO PERKINS SARGA|"""Cuerpo de cuello subido y manga corta. Bajo acabado asimetrico. Cierre en espalda con cremallera oculta en costura."""|False|||1595
400001|CUERPO PERKINS SARGA|"""Cuerpo de cuello subido y manga corta. Bajo acabado asimetrico. Cierre en espalda con cremallera oculta en costura."""|False|||1595
400002|CUERPO PERKINS SARGA|"""Cuerpo de cuello subido y manga corta. Bajo acabado asimetrico. Cierre en espalda con cremallera oculta en costura."""|False|||1595
400003|SUDADERA CROPPED  FELPA|"""Sudadera corta de cuello subido y manga larga. Bajo asimetrico. Cierre frontal con cremallera."""|True|JOIN LIFE Care for fiber: al menos 50% algodon organico.|"""Algodon cultivado utilizando fertilizantes y pesticidas naturales. Ademas, en su cultivo no se utilizan semillas modificadas geneticamente, lo que ayuda a conservar la biodiversidad de las semillas y la fertilidad del suelo."""|1795
400004|SUDADERA CROPPED  FELPA|"""Sudadera corta de cuello subido y manga larga. Bajo asimetrico. Cierre frontal con cremallera."""|True|JOIN LIFE Care for fiber: al menos 50% algodon organico.|"""Algodon cultivado utilizando fertilizantes y pesticidas naturales. Ademas, en su cultivo no se utilizan semillas modificadas geneticamente, lo que ayuda a conservar la biodiversidad de las semillas y la fertilidad del suelo."""|1795
400005|CAMISETA CAPUCHA|"""Camiseta confeccionada con tejido elastico. Cuello subido con capucha y manga larga. Cierre frontal tipo polo con cremallera oculta en costura."""|False|||1795
400006|TOP RIB CUELLO ALTO|"""Top de cuello subido y manga sisa."""|True|JOIN LIFE Care for fiber: al menos 95% algodon organico.|"""Algodon cultivado utilizando fertilizantes y pesticidas naturales. Ademas, en su cultivo no se utilizan semillas modificadas geneticamente, lo que ayuda a conservar la biodiversidad de las semillas y la fertilidad del suelo."""|595
400007|TOP RIB CUELLO ALTO|"""Top de cuello subido y manga sisa."""|True|JOIN LIFE Care for fiber: al menos 95% algodon organico.|"""Algodon cultivado utilizando fertilizantes y pesticidas naturales. Ademas, en su cultivo no se utilizan semillas modificadas geneticamente, lo que ayuda a conservar la biodiversidad de las semillas y la fertilidad del suelo."""|595
400008|TOP RIB CUELLO ALTO|"""Top de cuello subido y manga sisa."""|True|JOIN LIFE Care for fiber: al menos 95% algodon organico.|"""Algodon cultivado utilizando fertilizantes y pesticidas naturales. Ademas, en su cultivo no se utilizan semillas modificadas geneticamente, lo que ayuda a conservar la biodiversidad de las semillas y la fertilidad del suelo."""|595
400009|CHAQUETA CANALÉ BOTONES|"""Chaqueta cropped de algodon con cuello redondo y manga larga. Cierre frontal con botones."""|True|JOIN LIFE Care for fiber: al menos 85% algodon organico.|"""Algodon cultivado utilizando fertilizantes y pesticidas naturales. Ademas, en su cultivo no se utilizan semillas modificadas geneticamente, lo que ayuda a conservar la biodiversidad de las semillas y la fertilidad del suelo."""|1295
400010|CHAQUETA CANALÉ BOTONES|"""Chaqueta cropped de algodon con cuello redondo y manga larga. Cierre frontal con botones."""|True|JOIN LIFE Care for fiber: al menos 85% algodon organico.|"""Algodon cultivado utilizando fertilizantes y pesticidas naturales. Ademas, en su cultivo no se utilizan semillas modificadas geneticamente, lo que ayuda a conservar la biodiversidad de las semillas y la fertilidad del suelo."""|1295
400011|CHAQUETA CANALÉ BOTONES|"""Chaqueta cropped de algodon con cuello redondo y manga larga. Cierre frontal con botones."""|True|JOIN LIFE Care for fiber: al menos 85% algodon organico.|"""Algodon cultivado utilizando fertilizantes y pesticidas naturales. Ademas, en su cultivo no se utilizan semillas modificadas geneticamente, lo que ayuda a conservar la biodiversidad de las semillas y la fertilidad del suelo."""|1295
400012|CAMISETA PREMIUM QUALITY|"""Camiseta de cuello redondo y manga larga."""|True|JOIN LIFE Care for water: producido utilizando menos agua.|"""El uso de ciclos cerrados que permiten reutilizar el agua o de tecnologias como las maquinas de baja relacion de baño o el tintado en masa nos ayudan a reducir el consumo de agua en los procesos de tintado o lavado de las prendas. """|1595
400013|CAMISETA PREMIUM QUALITY|"""Camiseta de cuello redondo y manga larga."""|True|JOIN LIFE Care for water: producido utilizando menos agua.|"""El uso de ciclos cerrados que permiten reutilizar el agua o de tecnologias como las maquinas de baja relacion de baño o el tintado en masa nos ayudan a reducir el consumo de agua en los procesos de tintado o lavado de las prendas. """|1595
400014|CAMISETA PREMIUM QUALITY|"""Camiseta de cuello redondo y manga larga."""|True|JOIN LIFE Care for water: producido utilizando menos agua.|"""El uso de ciclos cerrados que permiten reutilizar el agua o de tecnologias como las maquinas de baja relacion de baño o el tintado en masa nos ayudan a reducir el consumo de agua en los procesos de tintado o lavado de las prendas. """|1595
400015|CAMISETA PREMIUM QUALITY|"""Camiseta de cuello redondo y manga larga."""|True|JOIN LIFE Care for water: producido utilizando menos agua.|"""El uso de ciclos cerrados que permiten reutilizar el agua o de tecnologias como las maquinas de baja relacion de baño o el tintado en masa nos ayudan a reducir el consumo de agua en los procesos de tintado o lavado de las prendas. """|1595
400016|CAMISETA PREMIUM QUALITY|"""Camiseta de cuello redondo y manga larga."""|True|JOIN LIFE Care for water: producido utilizando menos agua.|"""El uso de ciclos cerrados que permiten reutilizar el agua o de tecnologias como las maquinas de baja relacion de baño o el tintado en masa nos ayudan a reducir el consumo de agua en los procesos de tintado o lavado de las prendas. """|1595
400017|TOP CAPUCHA LIMITLESS CONTOUR COLLECTION|"""Top confeccionado con tejido que se adapta al contorno de tu cuerpo. Cuello subido con capucha y manga larga."""|True|JOIN LIFE Care for fiber: al menos 50% poliamida reciclada.|"""Esta fibra se obtiene a partir del residuo que se recupera de otras producciones de poliamida. Transformando este residuo en un nuevo recurso reducimos la produccion de materia prima virgen y el consumo de agua, energia y recursos naturales."""|1595
400018|TOP LIMITLESS CONTOUR COLLECTION|"""Top corto confeccionado con tejido que se adapta al contorno de tu cuerpo. Cuello redondo y manga larga."""|True|JOIN LIFE Care for fiber: al menos 50% poliamida reciclada.|"""Esta fibra se obtiene a partir del residuo que se recupera de otras producciones de poliamida. Transformando este residuo en un nuevo recurso reducimos la produccion de materia prima virgen y el consumo de agua, energia y recursos naturales."""|1295
400019|CAMISETA RIB|"""Camiseta de cuello subido y manga corta."""|True|JOIN LIFE Care for fiber: al menos 95% algodon organico.|"""Algodon cultivado utilizando fertilizantes y pesticidas naturales. Ademas, en su cultivo no se utilizan semillas modificadas geneticamente, lo que ayuda a conservar la biodiversidad de las semillas y la fertilidad del suelo."""|795
400020|CAMISETA RIB|"""Camiseta de cuello subido y manga corta."""|True|JOIN LIFE Care for fiber: al menos 95% algodon organico.|"""Algodon cultivado utilizando fertilizantes y pesticidas naturales. Ademas, en su cultivo no se utilizan semillas modificadas geneticamente, lo que ayuda a conservar la biodiversidad de las semillas y la fertilidad del suelo."""|795
400021|CAMISETA RIB|"""Camiseta de cuello subido y manga corta."""|True|JOIN LIFE Care for fiber: al menos 95% algodon organico.|"""Algodon cultivado utilizando fertilizantes y pesticidas naturales. Ademas, en su cultivo no se utilizan semillas modificadas geneticamente, lo que ayuda a conservar la biodiversidad de las semillas y la fertilidad del suelo."""|795
400022|CAMISETA RIB|"""Camiseta de cuello subido y manga corta."""|True|JOIN LIFE Care for fiber: al menos 95% algodon organico.|"""Algodon cultivado utilizando fertilizantes y pesticidas naturales. Ademas, en su cultivo no se utilizan semillas modificadas geneticamente, lo que ayuda a conservar la biodiversidad de las semillas y la fertilidad del suelo."""|795
400023|CAMISETA RIB|"""Camiseta de cuello subido y manga corta."""|True|JOIN LIFE Care for fiber: al menos 95% algodon organico.|"""Algodon cultivado utilizando fertilizantes y pesticidas naturales. Ademas, en su cultivo no se utilizan semillas modificadas geneticamente, lo que ayuda a conservar la biodiversidad de las semillas y la fertilidad del suelo."""|795
400024|BODY CANALÉ|"""Body de cuello redondo y manga corta. Cierre en bajo con botones a presion."""|False|||1595
400025|BODY CANALÉ|"""Body de cuello subido y manga larga. Cierre en bajo con botones a presion."""|False|||1295
400026|BODY HOMBRERAS|"""Body de escote pico. Manga larga con hombreras. Cierre en bajo con botones a presion."""|True|JOIN LIFE Care for fiber: al menos 90% algodon organico.|"""Algodon cultivado utilizando fertilizantes y pesticidas naturales. Ademas, en su cultivo no se utilizan semillas modificadas geneticamente, lo que ayuda a conservar la biodiversidad de las semillas y la fertilidad del suelo."""|1795
400027|BODY HALTER|"""Body de cuello subido con manga sisa. Cierre en bajo con botones a presion."""|True|JOIN LIFE Care for fiber: al menos 90% algodon organico.|"""Algodon cultivado utilizando fertilizantes y pesticidas naturales. Ademas, en su cultivo no se utilizan semillas modificadas geneticamente, lo que ayuda a conservar la biodiversidad de las semillas y la fertilidad del suelo."""|1595
400028|BODY ESCOTE CORAZÓN|"""Body de escote corazon y manga larga. Cierre en bajo con botones a presion."""|False|||1795
400029|BODY CANALÉ BOTONES|"""Body de cuello redondo y manga larga. Botones tipo polo en delantero. Cierre en bajo con botones a presion."""|False|||1795
400030|BODY ENCAJE|"""Body de cuello subido y manga sisa. Cierre en bajo con botones a presion."""|False|||1595
400031|BODY ENCAJE|"""Body de cuello subido y manga sisa. Cierre en bajo con botones a presion."""|False|||1595
400032|BODY ENCAJE|"""Body de cuello subido y manga sisa. Cierre en bajo con botones a presion."""|False|||1595
400033|BODY CANALÉ BOTONES|"""Body de cuello redondo y manga larga. Botones tipo polo en delantero. Cierre en bajo con botones a presion."""|False|||1795
400034|BODY CANALÉ BOTONES|"""Body de cuello redondo y manga larga. Botones tipo polo en delantero. Cierre en bajo con botones a presion."""|False|||1795
400035|CAMISETA SNAPS|"""Camiseta de cuello redondo y manga larga. Botones a presion tipo polo."""|True|JOIN LIFE Care for fiber: al menos 90% algodon organico.|"""Algodon cultivado utilizando fertilizantes y pesticidas naturales. Ademas, en su cultivo no se utilizan semillas modificadas geneticamente, lo que ayuda a conservar la biodiversidad de las semillas y la fertilidad del suelo."""|1295
400036|CAMISETA SNAPS|"""Camiseta de cuello redondo y manga larga. Botones a presion tipo polo."""|True|JOIN LIFE Care for fiber: al menos 90% algodon organico.|"""Algodon cultivado utilizando fertilizantes y pesticidas naturales. Ademas, en su cultivo no se utilizan semillas modificadas geneticamente, lo que ayuda a conservar la biodiversidad de las semillas y la fertilidad del suelo."""|1295
400037|CAMISETA SNAPS|"""Camiseta de cuello redondo y manga larga. Botones a presion tipo polo."""|True|JOIN LIFE Care for fiber: al menos 90% algodon organico.|"""Algodon cultivado utilizando fertilizantes y pesticidas naturales. Ademas, en su cultivo no se utilizan semillas modificadas geneticamente, lo que ayuda a conservar la biodiversidad de las semillas y la fertilidad del suelo."""|1295
400038|CAMISETA SNAPS|"""Camiseta de cuello redondo y manga larga. Botones a presion tipo polo."""|True|JOIN LIFE Care for fiber: al menos 90% algodon organico.|"""Algodon cultivado utilizando fertilizantes y pesticidas naturales. Ademas, en su cultivo no se utilizan semillas modificadas geneticamente, lo que ayuda a conservar la biodiversidad de las semillas y la fertilidad del suelo."""|1295
400039|CAMISETA SNAPS|"""Camiseta de cuello redondo y manga larga. Botones a presion tipo polo."""|True|JOIN LIFE Care for fiber: al menos 90% algodon organico.|"""Algodon cultivado utilizando fertilizantes y pesticidas naturales. Ademas, en su cultivo no se utilizan semillas modificadas geneticamente, lo que ayuda a conservar la biodiversidad de las semillas y la fertilidad del suelo."""|1295
400040|CAMISETA RIB VOLANTES|"""Camiseta de cuello redondo y manga larga con volantes en hombrera."""|True|JOIN LIFE Care for fiber: al menos 95% algodon organico.|"""Algodon cultivado utilizando fertilizantes y pesticidas naturales. Ademas, en su cultivo no se utilizan semillas modificadas geneticamente, lo que ayuda a conservar la biodiversidad de las semillas y la fertilidad del suelo."""|995
400041|CAMISETA RIB VOLANTES|"""Camiseta de cuello redondo y manga larga con volantes en hombrera."""|True|JOIN LIFE Care for fiber: al menos 95% algodon organico.|"""Algodon cultivado utilizando fertilizantes y pesticidas naturales. Ademas, en su cultivo no se utilizan semillas modificadas geneticamente, lo que ayuda a conservar la biodiversidad de las semillas y la fertilidad del suelo."""|995
400042|CAMISETA RIB VOLANTES|"""Camiseta de cuello redondo y manga larga con volantes en hombrera."""|True|JOIN LIFE Care for fiber: al menos 95% algodon organico.|"""Algodon cultivado utilizando fertilizantes y pesticidas naturales. Ademas, en su cultivo no se utilizan semillas modificadas geneticamente, lo que ayuda a conservar la biodiversidad de las semillas y la fertilidad del suelo."""|995
400043|CHAQUETA CROPPED|"""Chaqueta corta de cuello redondo y manga larga. Detalle tejido tacto suave. Cierre frontal con botones."""|False|||599
400044|CHAQUETA CROPPED|"""Chaqueta corta de cuello redondo y manga larga. Detalle tejido tacto suave. Cierre frontal con botones."""|False|||599
400045|CUERPO CANALÉ TACTO SUAVE|"""Cuerpo de cuello redondo y manga larga. Tejido tacto suave. Detalle de costuras marcadas."""|False|||1295
400046|CUERPO CANALÉ TACTO SUAVE|"""Cuerpo de cuello redondo y manga larga. Tejido tacto suave. Detalle de costuras marcadas."""|False|||1295
400047|CUERPO CANALÉ TACTO SUAVE|"""Cuerpo de cuello redondo y manga larga. Tejido tacto suave. Detalle de costuras marcadas."""|False|||1295
400048|CAMISETA UNISEX COLABORACIÓN COCO CAPITAN|"""Camiseta unisex de cuello redondo y manga larga. Detalle de parche combinado a contraste en bajo delantero.<br/><br/>Colaboracion con la artista Coco Capitan. La coleccion unisex «green house is Green» es parte de un poema en el que narra un sueño, donde vivia en una casa rodeada de naturaleza."""|True|JOIN LIFE Care for fiber: al menos 50% algodon organico.|"""Algodon cultivado utilizando fertilizantes y pesticidas naturales. Ademas, en su cultivo no se utilizan semillas modificadas geneticamente, lo que ayuda a conservar la biodiversidad de las semillas y la fertilidad del suelo."""|1995
400049|CAMISETA UNISEX COLABORACIÓN COCO CAPITÁN|"""Camiseta unisex de cuello redondo y manga corta. Detalle de parche en delantero y texto en espalda combinados a contraste.<br/><br/>Colaboracion con la artista Coco Capitan. La coleccion unisex «green house is Green» es parte de un poema en el que narra un sueño, donde vivia en una casa rodeada de naturaleza."""|True|JOIN LIFE Care for fiber: al menos 75% algodon organico & 15% algodon reciclado.|"""El algodon organico se cultiva con fertilizantes y pesticidas naturales y evita el uso de semillas modificadas geneticamente. El algodon reciclado se produce a partir del residuo de algodon de otras producciones, reduciendo el consumo de algodon virgen y los procesos de obtencion de la fibra."""|1595
400050|CAMISETA UNISEX COLABORACIÓN COCO CAPITÁN|"""Camiseta unisex de cuello redondo y manga corta. Detalle de parche en delantero y texto en espalda combinados a contraste.<br/><br/>Colaboracion con la artista Coco Capitan. La coleccion unisex «green house is Green» es parte de un poema en el que narra un sueño, donde vivia en una casa rodeada de naturaleza."""|True|JOIN LIFE Care for fiber: al menos 75% algodon organico & 15% algodon reciclado.|"""El algodon organico se cultiva con fertilizantes y pesticidas naturales y evita el uso de semillas modificadas geneticamente. El algodon reciclado se produce a partir del residuo de algodon de otras producciones, reduciendo el consumo de algodon virgen y los procesos de obtencion de la fibra."""|1595
400051|CAMISETA UNISEX COLABORACIÓN COCO CAPITAN|"""Camiseta unisex de cuello redondo y manga larga. Detalle de parche combinado a contraste en bajo delantero.<br/><br/>Colaboracion con la artista Coco Capitan. La coleccion unisex «green house is Green» es parte de un poema en el que narra un sueño, donde vivia en una casa rodeada de naturaleza."""|True|JOIN LIFE Care for fiber: al menos 50% algodon organico.|"""Algodon cultivado utilizando fertilizantes y pesticidas naturales. Ademas, en su cultivo no se utilizan semillas modificadas geneticamente, lo que ayuda a conservar la biodiversidad de las semillas y la fertilidad del suelo."""|1995
400052|CAMISETA UNISEX COLABORACIÓN COCO CAPITÁN|"""Camiseta unisex de cuello redondo y manga corta. Detalle de parche en delantero y texto en espalda combinados a contraste.<br/><br/>Colaboracion con la artista Coco Capitan. La coleccion unisex «green house is Green» es parte de un poema en el que narra un sueño, donde vivia en una casa rodeada de naturaleza."""|True|JOIN LIFE Care for fiber: al menos 75% algodon organico & 15% algodon reciclado.|"""El algodon organico se cultiva con fertilizantes y pesticidas naturales y evita el uso de semillas modificadas geneticamente. El algodon reciclado se produce a partir del residuo de algodon de otras producciones, reduciendo el consumo de algodon virgen y los procesos de obtencion de la fibra."""|1595
400053|CUERPO CROPPED|"""Cuerpo de cuello redondo manga larga."""|False|||1595
400054|CUERPO CROPPED|"""Cuerpo de cuello redondo manga larga."""|False|||1595
400055|CUERPO CROPPED|"""Cuerpo de cuello redondo manga larga."""|False|||1595
400056|CAMISETA RAYAS|"""Camiseta de cuello redondo y manga larga."""|False|||1795
400057|BODY CANALÉ|"""Body de cuello redondo y manga larga. Cierre en bajo con botones a presion."""|False|||995
400058|BODY CANALÉ|"""Body de cuello redondo y manga larga. Cierre en bajo con botones a presion."""|False|||995
400059|BODY CANALÉ|"""Body de cuello redondo y manga larga. Cierre en bajo con botones a presion."""|False|||995
500000|PANTALÓN TIRO ALTO CINTURÓN|"""Pantalon de tiro alto. Bolsillos delanteros y falsos bolsillos de doble vivo en espalda. Aplicacion cinturon del mismo tejido con hebilla forrada. Cierre frontal con cremallera, boton interior y gancho metalico."""|False|||1599
500001|PANTALÓN CULOTTE|"""Pantalon de tiro alto. Detalle de cinturon combinado a tono con hebilla forrada. Pernera ancha. Cierre en lateral con cremallera oculta en costura."""|False|||1599
500002|PANTALÓN BAGGY EFECTO PIEL|"""Pantalon de tiro alto con cintura elastica y frunces. Bolsillos delanteros y bolsillos de plastron en espalda. Cierre frontal con cremallera y boton."""|False|||1599
500003|PANTALÓN ANCHO FULL LENGTH|"""Pantalon de tiro alto. Bolsillos laterales y falsos bolsillos de vivo en espalda. Pernera ancha. Detalle de pliegues en delantero. Cierre frontal con cremallera y gancho metalico.<br/>"""|True|JOIN LIFE Care for fiber: al menos 25% poliester reciclado.|"""Esta fibra se obtiene a partir del reciclaje de plastico PET, como el de las botellas de agua. Transformando este residuo en un nuevo recurso reducimos la produccion de materia prima virgen y el consumo de agua, energia y recursos naturales."""|1299
500004|JOGGING PUNTO|"""Jogging de tiro alto con cintura elastica ajustable con cordon. Bolsillos delanteros. Bajo acabado en puño elastico."""|False|||1299
500005|JOGGING PUNTO|"""Jogging de tiro alto con cintura elastica ajustable con cordon. Bolsillos delanteros. Bajo acabado en puño elastico."""|False|||1299
500006|PANTALÓN ANCHO FULL LENGTH|"""Pantalon de tiro alto. Bolsillos laterales y falsos bolsillos de vivo en espalda. Pernera ancha. Detalle de pliegues en delantero. Cierre frontal con cremallera y gancho metalico.<br/>"""|True|JOIN LIFE Care for fiber: al menos 25% poliester reciclado.|"""Esta fibra se obtiene a partir del reciclaje de plastico PET, como el de las botellas de agua. Transformando este residuo en un nuevo recurso reducimos la produccion de materia prima virgen y el consumo de agua, energia y recursos naturales."""|1299
500007|PANTALÓN EFECTO PIEL|"""Pantalon de tiro alto. Bolsillos laterales y de vivo en espalda. Cierre frontal con cremallera, boton interior y gancho metalico."""|False|||1599
500008|PANTALÓN EFECTO PIEL|"""Pantalon de tiro alt. Detalle de costuras marcadas. Cierre frontal con cremallera y boton a presion."""|False|||1599
500009|PANTALÓN EFECTO PIEL CINTURÓN|"""Pantalon de tiro alto con cinturon. Bolsillos delanteros. Cierre frontal con cremallera y gancho metalico."""|False|||1599
500010|JOGGING PUNTO|"""Jogging de tiro alto con cintura elastica ajustable con cordon. Bolsillos delanteros. Bajo acabado en puño elastico."""|False|||1299
500011|PANTALÓN JOGGING|"""The Jogging In Midnight Black.<br/><br/>Pantalon de tiro alto con cintura elastica ajustable con cordones. Bolsillos laterales. Bajo acabado en puño elastico.<br/><br/>"""|True|JOIN LIFE Care for fiber: al menos 50% TENCEL™ Lyocell.|"""Esta fibra se obtiene de madera, principalmente eucalipto, de bosques gestionados de forma mas sostenible que garantiza su reforestacion. Se produce en un circuito cerrado, reutilizando el agua y mas del 99% de los quimicos y esta certificada por la EU Ecolabel."""|1599
500012|PANTALÓN CULOTTE CINTURÓN|"""Pantalon de tiro alto. Cinturon con hebilla forrada en mismo tejido. Cierre con cremallera lateral oculta en costura."""|False|||1599
500013|LEGGING SUPELÁSTICO VIVOS|"""Legging water repellent de tejido elastico confeccionado en dos direcciones. Detalle de vivos combinados a contraste. Bajo con cremallera lateral oculta en costura.Cierre frontal con cremallera termosellada."""|False|||1299
500014|PANTALÓN JOGGING|"""The Jogging In Pine Green<br/><br/>Pantalon de tiro alto con cintura elastica ajustable con cordones. Bolsillos laterales. Bajo acabado en puño elastico."""|True|JOIN LIFE Care for fiber: al menos 50% TENCEL™ Lyocell.|"""Esta fibra se obtiene de madera, principalmente eucalipto, de bosques gestionados de forma mas sostenible que garantiza su reforestacion. Se produce en un circuito cerrado, reutilizando el agua y mas del 99% de los quimicos y esta certificada por la EU Ecolabel."""|1599
500015|PANTALÓN SLOUCHY JOGGER|"""Pantalon fluido de tiro alto con cintura elastica ajustable con cordones. Bolsillos de plastron en delantero y espalda. Bajo acabado en puño elastico."""|False|||1599
500016|PANTALÓN TIRO ALTO|"""Pantalon cropped fluido con tiro alto. Cierre con cremallera lateral.<br/><br/>ALTURA MODELO: 177 CM"""|False|||1599
500017|PANTALÓN CULOTTE EFECTO PIEL|"""Pantalon de tiro alto. Detalle de costuras marcadas. Cierre lateral con cremallera oculta en costura."""|False|||1599
500018|LEGGING EFECTO PIEL|"""Legging con cintura asimetrica combinada. Bajo acabado con aberturas y cremallera. Cierre lateral con cremallera oculta en costura."""|False|||1299
500019|FALDA MINI EFECTO PIEL|"""Falda mini de tiro alto. Bolsillos delanteros. Detalle de costuras marcadas. Cierre delantero con cremallera oculta por solapa."""|False|||999
500020|PANTALÓN CULOTTE EFECTO PIEL|"""Pantalon de tiro alto. Detalle de costuras marcadas. Cierre lateral con cremallera oculta en costura."""|False|||1599
500021|PANTALÓN DOBLE TELA CHINO FIT|"""Pantalon de tiro medio. Bolsillo delanteros y falsos bolsillos de vivo en espalda. Bajo con aberturas laterales interiores. Cierre con cremallera, boton y gancho metalico.<br/>"""|False|||1599
500022|PANTALÓN JOGGING|"""The Jogging In Dusty Mint.<br/><br/>Pantalon fluido de tiro alto con cintura elastica ajustable con cordones. Bolsillos laterales y falsos bolsillos de vivo en espalda. Bajo acabado en puño elastico."""|True|JOIN LIFE Care for fiber: 100% TENCEL™ Lyocell.|"""Esta fibra se obtiene de madera, principalmente eucalipto, de bosques gestionados de forma mas sostenible que garantiza su reforestacion. Se produce en un circuito cerrado, reutilizando el agua y mas del 99% de los quimicos y esta certificada por la EU Ecolabel."""|1599
500023|PANTALÓN JOGGING|"""Pantalon de tiro alto con cintura elastica. Bolsillos laterales y falso bolsillo de vivo en espalda.  <br/><br/>ALTURA MODELO: 177 CM"""|False|||1299
500024|PANTALÓN CULOTTE CINTURÓN|"""Pantalon de tiro alto. Cinturon con hebilla forrada en mismo tejido. Cierre con cremallera lateral oculta en costura."""|False|||1599
500025|PANTALÓN TRAJE ESTRUCTURA|"""Pantalon de tiro medio con bolsillos delanteros y falsos bolsillos de doble vivo en espalda. Cierre frontal con cremallera, boton interior y gancho metalico."""|False|||999
500026|PANTALÓN TRAJE CUADROS|"""Pantalon de tiro medio con bolsillos delanteros y falsos bolsillos de vivo en espalda. Bajo con aberturas laterales. Cierre frontal con cremallera, boton interior y gancho metalico."""|True|JOIN LIFE Care for fiber: al menos 50% poliester reciclado.|"""Esta fibra se obtiene a partir del reciclaje de plastico PET, como el de las botellas de agua. Transformando este residuo en un nuevo recurso reducimos la produccion de materia prima virgen y el consumo de agua, energia y recursos naturales."""|999
500027|PANTALÓN CINTURÓN RAFIA|"""Pantalon de tiro alto con cintura elastica. Bolsillos delanteros y falso bolsillo de vivo en espalda. Detalle de cinturon con hebilla combinado a contraste."""|False|||1599
500028|PANTALÓN ZW JOGGING|"""The Jogging In Dover Satin<br/><br/>Pantalon de tiro medio con cintura elastica y cordones ajustables. Bolsillos laterales. Bajo acabado en puño elastico.<br/><br/>ALTURA MODELO: 177 CM"""|True|JOIN LIFE Care for fiber: al menos 30% TENCEL™ Lyocell.|"""Esta fibra se obtiene de madera, principalmente eucalipto, de bosques gestionados de forma mas sostenible que garantiza su reforestacion. Se produce en un circuito cerrado, reutilizando el agua y mas del 99% de los quimicos y esta certificada por la EU Ecolabel."""|1599
500029|PANTALÓN TIRO ALTO CINTURÓN|"""Pantalon de tiro alto. Bolsillos delanteros y falsos bolsillos de doble vivo en espalda. Aplicacion cinturon del mismo tejido con hebilla forrada. Cierre frontal con cremallera, boton interior y gancho metalico."""|False|||1599
500030|PANTALÓN TIRO ALTO CINTURÓN|"""Pantalon de tiro alto. Bolsillos delanteros y falsos bolsillos de doble vivo en espalda. Aplicacion cinturon del mismo tejido con hebilla forrada. Cierre frontal con cremallera, boton interior y gancho metalico."""|False|||1599
500031|PANTALÓN TIRO ALTO CINTURÓN|"""Pantalon de tiro alto. Bolsillos delanteros y falsos bolsillos de doble vivo en espalda. Aplicacion cinturon del mismo tejido con hebilla forrada. Cierre frontal con cremallera, boton interior y gancho metalico."""|False|||1599
500032|PANTALÓN PITILLO CUADROS|"""Pantalon de tiro medio con bolsillos delanteros y falso bolsillo de vivo en espalda. Cierre frontal con cremallera, boton interior y gancho metalico."""|False|||1299
500033|PANTALÓN PITILLO|"""Pantalon de tiro medio. Cintura con elastico en espalda. Bolsillos laterales con falsos bolsillos de vivo en espalda. Bajo acabado con abertura. Cierre delantero con cremallera y gancho metalico. <br/><br/>ALTURA MODELO: 177 CM"""|True|JOIN LIFE Care for fiber: al menos 25% poliester reciclado.|"""Esta fibra se obtiene a partir del reciclaje de plastico PET, como el de las botellas de agua. Transformando este residuo en un nuevo recurso reducimos la produccion de materia prima virgen y el consumo de agua, energia y recursos naturales."""|1299
500034|PANTALÓN CINTURÓN RAFIA|"""Pantalon de tiro alto con cintura elastica. Bolsillos delanteros y falso bolsillo de vivo en espalda. Detalle de cinturon con hebilla combinado a contraste."""|False|||1599
500035|PANTALÓN ESTAMPADO|"""Pantalon de tiro alto. Cintura elastica ajustable con cordones. Bolsillos de plastron laterales. Bajo acabado en puño elastico."""|False|||1599
500036|PANTALÓN GARDEN|"""The Garden Pant In Grey.<br/><br/>Pantalon de tiro alto con bolsillos de plastron en delantero y espalda. Cierre frontal con cremallera y boton metalico."""|False|||1599
500037|PANTALÓN ANCHO PLIEGUES|"""Pantalon de tiro bajo. Bolsillos laterales y falsos bolsillos de vivo en espalda. Pernera ancha. Detalle de pliegues en delantero. Cierre frontal con cremallera y boton."""|False|||1299
